species,algorithm,label_kind,n_train,n_val,n_holdout,train_s,rmse_val,mae_val,r2_val,rmse_hold,mae_hold,r2_hold
sardinella,XGBoost,catch,24519,5807,2887,0.588,1.3308458132499807,1.0165073662179873,0.58462991963995,1.5886933534342145,1.204847891113453,0.4819484287268607
sardinella,CatBoost,catch,24519,5807,2887,1.124,1.3263354385028228,1.0145209176646777,0.5874406134142554,1.58495294871195,1.1963197497327578,0.48438494860213654
sardinella,RandomForest,catch,24519,5807,2887,0.56,1.3359071466416097,1.0234300597144341,0.581464527961181,1.591527205547822,1.2115590272867187,0.48009861813672094
sardinella,Ridge,catch,24519,5807,2887,0.021,1.9820314410769968,1.574236243699756,0.07870056661053593,2.172349586511974,1.7264440922193915,0.031382593409487125
sardinella,NoSkill,catch,24519,5807,2887,0.0,2.0927734726343257,1.6566730210732914,-0.02712705424786943,2.321082569022175,1.8709537028446985,-0.10579346310054438
anchovy,XGBoost,catch,24356,5843,2980,0.289,1.377185328905556,1.0632289337622878,0.42452912307191937,1.4082640140153029,1.123034728487561,0.4066712471215065
anchovy,CatBoost,catch,24356,5843,2980,0.535,1.3784220697180363,1.0627907849254483,0.4234950895699401,1.4063130317904675,1.1249167118452055,0.4083140811333411
anchovy,RandomForest,catch,24356,5843,2980,0.578,1.426129041603147,1.075209827338678,0.3828990389381389,1.4456132639760948,1.1356432164641852,0.37478198942834107
anchovy,Ridge,catch,24356,5843,2980,0.008,1.8041736178757792,1.4786851368207865,0.012367823011496082,1.8094717182061635,1.5008106600568745,0.02044047821324191
anchovy,NoSkill,catch,24356,5843,2980,0.0,1.8157513879922267,1.4908874680605466,-0.00034854448793830706,1.8293327242053405,1.5224279193703065,-0.0011810900068336405
mackerel,XGBoost,catch,24873,5979,2989,0.37,1.2098172480170448,0.9639155753329912,0.5132195053233835,1.342344241190652,1.0097937463056892,0.46671997441594093
mackerel,CatBoost,catch,24873,5979,2989,0.766,1.2092030397548303,0.9632033166479373,0.5137136439330543,1.3380740201469439,1.0102187651852088,0.4701074832285722
mackerel,RandomForest,catch,24873,5979,2989,0.578,1.2204383703553763,0.9702106651142572,0.504634985830533,1.3459093818456769,1.0161661147832333,0.4638835290836252
mackerel,Ridge,catch,24873,5979,2989,0.008,1.7861577435495546,1.4201094967710044,-0.06104363754949227,1.915743391574033,1.540768375831726,-0.08618094951085231
mackerel,NoSkill,catch,24873,5979,2989,0.0,1.8097302566584244,1.4616909228601833,-0.08923432498988704,1.9432856711171316,1.5675822654668055,-0.11763709033323422
scad,XGBoost,catch,24771,6015,3070,0.574,1.0819232961089496,0.8082209744024057,0.6459676187036179,1.2984668510055977,1.005983731285469,0.5540090390551036
scad,CatBoost,catch,24771,6015,3070,0.926,1.0797077105871007,0.8091834047523642,0.6474161241139963,1.298250732961411,1.007405144584436,0.5541574890101927
scad,RandomForest,catch,24771,6015,3070,0.581,1.0884476999749835,0.8122312129352779,0.6416848476830841,1.3062671471981242,1.008676631676386,0.5486345300388853
scad,Ridge,catch,24771,6015,3070,0.009,1.7772099458128665,1.4029838785003559,0.044726980224445545,1.9919547468433203,1.6068428706947047,-0.04959863906148754
scad,NoSkill,catch,24771,6015,3070,0.0,1.8333843372343361,1.440447967519029,-0.016616315923921432,2.0407132266189074,1.6550110487399883,-0.10161104527577458
slipmouth,XGBoost,catch,23353,5543,2759,0.236,1.1602829721374406,0.9086673579847964,0.5860629129485031,1.1414568843947404,0.9301185743149593,0.5774734911028547
slipmouth,CatBoost,catch,23353,5543,2759,0.783,1.1813317692578766,0.9076216879557554,0.5709081472158078,1.1666812027595694,0.9315396066792764,0.5585928748899796
slipmouth,RandomForest,catch,23353,5543,2759,0.502,1.204028754642303,0.9107335159377904,0.5542614259657757,1.2040102302294053,0.9432482289056782,0.5298945436798512
slipmouth,Ridge,catch,23353,5543,2759,0.01,1.8855681717940254,1.5196408594785955,-0.09317824182637424,1.9591883543726727,1.46671718309972,-0.24476485849009277
slipmouth,NoSkill,catch,23353,5543,2759,0.0,1.8746859185294147,1.5481544696369924,-0.08059644919346609,1.8218163127719378,1.4586612579333955,-0.07632669253386326
