species,algorithm,label_kind,threshold,n_train,n_val,n_holdout,accuracy_val,precision_val,recall_val,f1_val,roc_auc_val,spearman_val,hit_at_k_val,accuracy_hold,precision_hold,recall_hold,f1_hold,roc_auc_hold,spearman_hold,hit_at_k_hold,rmse_val,mae_val,r2_val,rmse_hold,mae_hold,r2_hold,train_s
sardinella,XGBoost,catch,5.4439749389704,24519,5807,2887,0.8143619769244016,0.7152777777777778,0.9088235294117647,0.8005181347150259,0.8908142947870716,0.7439426062679062,0.7894957983193277,0.8167648077589192,0.68190598840953,0.9680073126142597,0.8001511144692104,0.9155740738663765,0.7395453684522552,0.8180987202925045,1.3308458132499807,1.0165073662179873,0.58462991963995,1.5886933534342145,1.204847891113453,0.4819484287268607,1.018
sardinella,LightGBM,catch,5.4439749389704,24519,5807,2887,0.8140175650077492,0.713254593175853,0.9134453781512605,0.8010316875460575,0.8936234254425436,0.7471126763983782,0.7869747899159664,0.8126082438517492,0.6766773162939297,0.9680073126142597,0.7965400526513727,0.907542127571064,0.728017311096343,0.8080438756855576,1.323714489924269,1.013125965495168,0.5890695053828631,1.5792210149114687,1.1975577894847118,0.48810761703559924,0.215
sardinella,CatBoost,catch,5.4439749389704,24519,5807,2887,0.8183227139659032,0.7225394692643601,0.903781512605042,0.8030614149710659,0.8906701110558025,0.744092717963894,0.8,0.8167648077589192,0.6847612818835841,0.9570383912248629,0.7983225314525353,0.9029931553848962,0.7281574680786091,0.819926873857404,1.3263354385028228,1.0145209176646777,0.5874406134142554,1.58495294871195,1.1963197497327578,0.48438494860213654,1.719
sardinella,RandomForest,catch,5.4439749389704,24519,5807,2887,0.8079903564663338,0.7066318196667756,0.9088235294117647,0.7950744348465356,0.8833873613641546,0.7365929512091324,0.7970588235294118,0.8105299618981642,0.6740929344366645,0.9680073126142597,0.7947467166979362,0.8978046353328147,0.6974417720575067,0.8053016453382084,1.3359071466416097,1.0234300597144341,0.581464527961181,1.591527205547822,1.2115590272867187,0.48009861813672094,0.884
sardinella,LogisticRegression,catch,5.4439749389704,24519,5807,2887,0.638367487515068,0.552434456928839,0.6197478991596639,0.5841584158415841,0.6908545092971534,0.34712563582654615,0.5651260504201681,0.6459993072393488,0.5257879656160458,0.6709323583180987,0.5895582329317269,0.7038503381523311,0.37236167841434203,0.5630712979890311,1.9820314410769968,1.574236243699756,0.07870056661053593,2.172349586511974,1.7264440922193915,0.031382593409487125,0.036
sardinella,NoSkill,catch,5.4439749389704,24519,5807,2887,0.5901498191837438,0.0,0.0,0.0,0.5,,0.4445378151260504,0.6210599237963284,0.0,0.0,0.0,0.5,,0.33638025594149906,2.0927734726343257,1.6566730210732914,-0.02712705424786943,2.321082569022175,1.8709537028446985,-0.10579346310054438,0.001
anchovy,XGBoost,catch,4.224639155058798,24356,5843,2980,0.7290775286667808,0.757015742642026,0.7170178282009725,0.7364741135342101,0.8270953630693324,0.6179485484562696,0.7478119935170179,0.7281879194630873,0.7498248072880168,0.7025607353906763,0.7254237288135593,0.8125160262837814,0.6226826518649811,0.7334208798424163,1.377185328905556,1.0632289337622878,0.42452912307191937,1.4082640140153029,1.123034728487561,0.4066712471215065,0.588
anchovy,LightGBM,catch,4.224639155058798,24356,5843,2980,0.7290775286667808,0.7678316690442225,0.6978930307941653,0.7311937510613007,0.8273949483042112,0.613213462051835,0.7416531604538088,0.7399328859060402,0.7733918128654971,0.6946815495732108,0.7319266689726738,0.8153015014346483,0.6198316882405387,0.7242284963887065,1.3856407492770404,1.0670170310283607,0.41744106404534154,1.3931581453012316,1.112713807212737,0.4193317657610659,0.154
anchovy,CatBoost,catch,4.224639155058798,24356,5843,2980,0.7489303440013692,0.784658691062632,0.7228525121555915,0.7524886114391767,0.8267424189891672,0.6061335350681634,0.7536466774716369,0.7416107382550335,0.7714491708723864,0.7025607353906763,0.7353951890034365,0.8106250937917838,0.6164903938815429,0.7340774786605384,1.3784220697180363,1.0627907849254483,0.4234950895699401,1.4063130317904675,1.1249167118452055,0.4083140811333411,1.106
anchovy,RandomForest,catch,4.224639155058798,24356,5843,2980,0.7198357008386103,0.74409979770735,0.7153970826580227,0.7294662039332341,0.8137800980909522,0.5800470587596989,0.7371150729335494,0.725503355704698,0.7409432672590567,0.7117531188443861,0.7260549229738781,0.8001021626301087,0.6013335597590691,0.7327642810242941,1.426129041603147,1.075209827338678,0.3828990389381389,1.4456132639760948,1.1356432164641852,0.37478198942834107,0.952
anchovy,LogisticRegression,catch,4.224639155058798,24356,5843,2980,0.5551942495293514,0.57798459563543,0.5837925445705024,0.5808740525721657,0.5851589541196202,0.19816018458304985,0.579902755267423,0.5697986577181208,0.5748912367930391,0.6073539067629679,0.590676883780332,0.6125864180033358,0.20291529641893932,0.5738673670387393,1.8041736178757792,1.4786851368207865,0.012367823011496082,1.8094717182061635,1.5008106600568745,0.02044047821324191,0.049
anchovy,NoSkill,catch,4.224639155058798,24356,5843,2980,0.4720177990758172,0.0,0.0,0.0,0.5,,0.513776337115073,0.4889261744966443,0.0,0.0,0.0,0.5,,0.46158896913985553,1.8157513879922267,1.4908874680605466,-0.00034854448793830706,1.8293327242053405,1.5224279193703065,-0.0011810900068336405,0.001
mackerel,XGBoost,catch,4.852186501713857,24873,5979,2989,0.7524669677203546,0.6137311517484761,0.8739150296939242,0.7210704862419902,0.8915230988234528,0.7809657775316042,0.7674737322978529,0.7621278019404483,0.5720496894409938,0.9766702014846236,0.7215041128084606,0.9184643962976669,0.7780416414574999,0.7550371155885471,1.2098172480170448,0.9639155753329912,0.5132195053233835,1.342344241190652,1.0097937463056892,0.46671997441594093,1.192
mackerel,LightGBM,catch,4.852186501713857,24873,5979,2989,0.7561465127947817,0.6164383561643836,0.8839652809502055,0.7263513513513513,0.874597682584185,0.750969770760889,0.719506624029237,0.765807962529274,0.5749537322640346,0.9883351007423118,0.7269890795631825,0.9044432972698975,0.7573817883552622,0.7613997879109226,1.2049113685033543,0.9600433220719368,0.5171593475523828,1.3316465951587344,1.0030816244164578,0.47518592340852583,0.2
mackerel,CatBoost,catch,4.852186501713857,24873,5979,2989,0.7549757484529186,0.6166989039329465,0.8739150296939242,0.7231147231147231,0.8877091140519098,0.7776318953925322,0.7656464138876199,0.7644697223151555,0.5745477230193388,0.9766702014846236,0.7234878240377062,0.9157728552932604,0.7677208321579931,0.7550371155885471,1.2092030397548303,0.9632033166479373,0.5137136439330543,1.3380740201469439,1.0102187651852088,0.4701074832285722,2.211
mackerel,RandomForest,catch,4.852186501713857,24873,5979,2989,0.743100852985449,0.6028994642294359,0.8739150296939242,0.7135397239835882,0.8688721853450511,0.7030486913516145,0.7597076290543627,0.7527601204416192,0.5622710622710623,0.9766702014846236,0.7136768694304533,0.8884982621342215,0.6887699961979804,0.7327677624602333,1.2204383703553763,0.9702106651142572,0.504634985830533,1.345909381845677,1.0161661147832333,0.46388352908362507,0.967
mackerel,LogisticRegression,catch,4.852186501713857,24873,5979,2989,0.61281150694096,0.47987220447284346,0.6861580630424852,0.5647678134987779,0.6799575956057573,0.2934681844794174,0.505710370031978,0.5975242556038809,0.42034313725490197,0.7274655355249204,0.5328155339805826,0.6588558592458295,0.2699143843399302,0.42735949098621423,1.7861577435495546,1.4201094967710044,-0.06104363754949227,1.915743391574033,1.540768375831726,-0.08618094951085231,0.055
mackerel,NoSkill,catch,4.852186501713857,24873,5979,2989,0.6338852650944974,0.0,0.0,0.0,0.5,,0.3686614892645043,0.6845098695215791,0.0,0.0,0.0,0.5,,0.31601272534464475,1.8097302566584244,1.4616909228601833,-0.08923432498988704,1.9432856711171316,1.5675822654668055,-0.11763709033323422,0.001
scad,XGBoost,catch,5.448115731636431,24771,6015,3070,0.7895261845386534,0.7475181998676373,0.8178855901520637,0.7811203319502075,0.8758623744627863,0.7535660185772023,0.7708182476466329,0.7710097719869707,0.6551059730250481,0.8600337268128162,0.7437112650382792,0.8658159776300292,0.7639695660661447,0.7006745362563238,1.0819232961089496,0.8082209744024057,0.6459676187036179,1.2984668510055977,1.005983731285469,0.5540090390551036,1.118
scad,LightGBM,catch,5.448115731636431,24771,6015,3070,0.7971737323358271,0.7564870259481038,0.8233164373642288,0.7884882108183079,0.8742294474236781,0.7554741440475176,0.7664735698769009,0.786970684039088,0.6716129032258065,0.8777403035413154,0.7609649122807017,0.8677811373311421,0.7641889021592345,0.7082630691399663,1.080291136679464,0.8076271700067243,0.6470349798315485,1.2992071715791276,1.0044241007886392,0.5535003307908826,0.215
scad,CatBoost,catch,5.448115731636431,24771,6015,3070,0.7717373233582709,0.7286796180441225,0.8012309920347574,0.7632350405242283,0.8727423224103501,0.751323801811144,0.7599565532223027,0.754071661237785,0.6376996805111821,0.8414839797639123,0.7255543438749545,0.867897945958332,0.763592273862657,0.7074198988195616,1.0797077105871007,0.8091834047523642,0.6474161241139963,1.298250732961411,1.007405144584436,0.5541574890101927,2.48
scad,RandomForest,catch,5.448115731636431,24771,6015,3070,0.7672485453034081,0.7161904761904762,0.8167994207096307,0.7631935047361299,0.8592153446949098,0.7150432287923292,0.7603186097031137,0.7351791530944626,0.6150524367674275,0.8406408094435076,0.7103669397933737,0.8391372899682423,0.7196816346559697,0.6989881956155143,1.0884476999749835,0.8122312129352779,0.6416848476830841,1.3062671471981242,1.0086766316763858,0.5486345300388853,1.019
scad,LogisticRegression,catch,5.448115731636431,24771,6015,3070,0.5680798004987531,0.5295389048991355,0.5322230267921796,0.5308775731310943,0.6011915030586148,0.21093016476844062,0.5296886314265026,0.5895765472312704,0.47465753424657536,0.5843170320404721,0.5238095238095238,0.6185674697371673,0.19535905277220292,0.4671163575042159,1.7772099458128665,1.4029838785003559,0.044726980224445545,1.9919547468433203,1.6068428706947047,-0.04959863906148754,0.049
scad,NoSkill,catch,5.448115731636431,24771,6015,3070,0.540814630091438,0.0,0.0,0.0,0.5,,0.44641564083997104,0.6136807817589577,0.0,0.0,0.0,0.5,,0.3448566610455312,1.8333843372343361,1.440447967519029,-0.016616315923921432,2.0407132266189074,1.6550110487399883,-0.10161104527577458,0.001
slipmouth,XGBoost,catch,3.6187251941907297,23353,5543,2759,0.7889229659029406,0.6944131983502062,0.839148164929769,0.7599507591300779,0.8750172494537221,0.7632640683566965,0.7304032623470775,0.7897789054005074,0.7380952380952381,0.825,0.7791317593297792,0.856154834462401,0.7546653732352322,0.7564516129032258,1.1602829721374406,0.9086673579847964,0.5860629129485031,1.1414568843947404,0.9301185743149593,0.5774734911028547,0.714
slipmouth,LightGBM,catch,3.6187251941907297,23353,5543,2759,0.7923507126104997,0.696282527881041,0.8486633439057544,0.7649581376352869,0.8626112929321246,0.7541083035429768,0.6973266878115089,0.799565059804277,0.744832501781896,0.842741935483871,0.7907680665909951,0.8287774214784769,0.7195661159305912,0.7596774193548387,1.1626850592306244,0.9081181187329429,0.5843472242740965,1.1452673491897898,0.9300285780248306,0.5746477869782066,0.135
slipmouth,CatBoost,catch,3.6187251941907297,23353,5543,2759,0.7835107342594263,0.6873836992928917,0.8368826461259629,0.7548017981201471,0.8746819037746694,0.7499036294263587,0.7322156773901224,0.7803552011598405,0.7270773638968482,0.8185483870967742,0.7701062215477997,0.8619959013782411,0.7511822137787803,0.7516129032258064,1.1813317692578766,0.9076216879557554,0.5709081472158078,1.1666812027595694,0.9315396066792764,0.5585928748899796,2.022
slipmouth,RandomForest,catch,3.6187251941907297,23353,5543,2759,0.7795417643875158,0.6818014027316353,0.8368826461259629,0.7514239218877136,0.8383099365546077,0.7048814570585279,0.7222473946533756,0.7767306995288148,0.7215909090909091,0.8193548387096774,0.7673716012084593,0.8234354095436301,0.6913896567811727,0.7580645161290323,1.204028754642303,0.9107335159377904,0.5542614259657758,1.2040102302294053,0.9432482289056779,0.5298945436798513,0.835
slipmouth,LogisticRegression,catch,3.6187251941907297,23353,5543,2759,0.5408623489085332,0.4487568223165555,0.6705935659265972,0.5376930063578564,0.5925930302427744,0.18523230514181513,0.5088355233348437,0.5393258426966292,0.4911174785100286,0.6911290322580645,0.5742043551088777,0.5703683450487375,0.15728280701641167,0.5185483870967742,1.8855681717940254,1.5196408594785955,-0.09317824182637424,1.9591883543726727,1.46671718309972,-0.24476485849009277,0.023
slipmouth,NoSkill,catch,3.6187251941907297,23353,5543,2759,0.6018401587587949,0.0,0.0,0.0,0.5,,0.37426370638876305,0.550561797752809,0.0,0.0,0.0,0.5,,0.39919354838709675,1.8746859185294147,1.5481544696369924,-0.08059644919346609,1.8218163127719378,1.4586612579333955,-0.07632669253386326,0.001
